{
    "variants": {
        "facing=east,half=bottom,shape=straight":  [ { "model": "birch_stairs" },
										{ "model": "birch_stairs_0" },
										{ "model": "birch_stairs_1" },
										{ "model": "birch_stairs_2" },
										{ "model": "birch_stairs_3" } ],
        "facing=west,half=bottom,shape=straight":  [ { "model": "birch_stairs", "y": 180, "uvlock": true },
										{ "model": "birch_stairs_0", "y": 180, "uvlock": true },
										{ "model": "birch_stairs_1", "y": 180, "uvlock": true },
										{ "model": "birch_stairs_2", "y": 180, "uvlock": true },
										{ "model": "birch_stairs_3", "y": 180, "uvlock": true } ],
        "facing=south,half=bottom,shape=straight": [ { "model": "birch_stairs", "y": 90, "uvlock": true },
										{ "model": "birch_stairs_0", "y": 90, "uvlock": true },
										{ "model": "birch_stairs_1", "y": 90, "uvlock": true },
										{ "model": "birch_stairs_2", "y": 90, "uvlock": true },
										{ "model": "birch_stairs_3", "y": 90, "uvlock": true } ],
        "facing=north,half=bottom,shape=straight": [ { "model": "birch_stairs", "y": 270, "uvlock": true },
										{ "model": "birch_stairs_0", "y": 270, "uvlock": true },
										{ "model": "birch_stairs_1", "y": 270, "uvlock": true },
										{ "model": "birch_stairs_2", "y": 270, "uvlock": true },
										{ "model": "birch_stairs_3", "y": 270, "uvlock": true } ],
        "facing=east,half=bottom,shape=outer_right":  [ { "model": "birch_outer_stairs" },
										{ "model": "birch_outer_stairs_0" },
										{ "model": "birch_outer_stairs_1" },
										{ "model": "birch_outer_stairs_2" },
										{ "model": "birch_outer_stairs_3" } ],
        "facing=west,half=bottom,shape=outer_right":  [ { "model": "birch_outer_stairs", "y": 180, "uvlock": true },
										{ "model": "birch_outer_stairs_0", "y": 180, "uvlock": true },
										{ "model": "birch_outer_stairs_1", "y": 180, "uvlock": true },
										{ "model": "birch_outer_stairs_2", "y": 180, "uvlock": true },
										{ "model": "birch_outer_stairs_3", "y": 180, "uvlock": true } ],
        "facing=south,half=bottom,shape=outer_right": [ { "model": "birch_outer_stairs", "y": 90, "uvlock": true },
										{ "model": "birch_outer_stairs_0", "y": 90, "uvlock": true },
										{ "model": "birch_outer_stairs_1", "y": 90, "uvlock": true },
										{ "model": "birch_outer_stairs_2", "y": 90, "uvlock": true },
										{ "model": "birch_outer_stairs_3", "y": 90, "uvlock": true } ],
        "facing=north,half=bottom,shape=outer_right": [ { "model": "birch_outer_stairs", "y": 270, "uvlock": true },
										{ "model": "birch_outer_stairs_0", "y": 270, "uvlock": true },
										{ "model": "birch_outer_stairs_1", "y": 270, "uvlock": true },
										{ "model": "birch_outer_stairs_2", "y": 270, "uvlock": true },
										{ "model": "birch_outer_stairs_3", "y": 270, "uvlock": true } ],
        "facing=east,half=bottom,shape=outer_left":  [ { "model": "birch_outer_stairs", "y": 270, "uvlock": true },
										{ "model": "birch_outer_stairs_0", "y": 270, "uvlock": true },
										{ "model": "birch_outer_stairs_1", "y": 270, "uvlock": true },
										{ "model": "birch_outer_stairs_2", "y": 270, "uvlock": true },
										{ "model": "birch_outer_stairs_3", "y": 270, "uvlock": true } ],
        "facing=west,half=bottom,shape=outer_left":  [ { "model": "birch_outer_stairs", "y": 90, "uvlock": true },
										{ "model": "birch_outer_stairs_0", "y": 90, "uvlock": true },
										{ "model": "birch_outer_stairs_1", "y": 90, "uvlock": true },
										{ "model": "birch_outer_stairs_2", "y": 90, "uvlock": true },
										{ "model": "birch_outer_stairs_3", "y": 90, "uvlock": true } ],
        "facing=south,half=bottom,shape=outer_left": [ { "model": "birch_outer_stairs" },
										{ "model": "birch_outer_stairs_0" },
										{ "model": "birch_outer_stairs_1" },
										{ "model": "birch_outer_stairs_2" },
										{ "model": "birch_outer_stairs_3" } ],
        "facing=north,half=bottom,shape=outer_left": [ { "model": "birch_outer_stairs", "y": 180, "uvlock": true },
										{ "model": "birch_outer_stairs_0", "y": 180, "uvlock": true },
										{ "model": "birch_outer_stairs_1", "y": 180, "uvlock": true },
										{ "model": "birch_outer_stairs_2", "y": 180, "uvlock": true },
										{ "model": "birch_outer_stairs_3", "y": 180, "uvlock": true } ],
        "facing=east,half=bottom,shape=inner_right":  [ { "model": "birch_inner_stairs" },
										{ "model": "birch_inner_stairs_0" },
										{ "model": "birch_inner_stairs_1" },
										{ "model": "birch_inner_stairs_2" },
										{ "model": "birch_inner_stairs_3" } ],
        "facing=west,half=bottom,shape=inner_right":  [ { "model": "birch_inner_stairs", "y": 180, "uvlock": true },
										{ "model": "birch_inner_stairs_0", "y": 180, "uvlock": true },
										{ "model": "birch_inner_stairs_1", "y": 180, "uvlock": true },
										{ "model": "birch_inner_stairs_2", "y": 180, "uvlock": true },
										{ "model": "birch_inner_stairs_3", "y": 180, "uvlock": true } ],
        "facing=south,half=bottom,shape=inner_right": [ { "model": "birch_inner_stairs", "y": 90, "uvlock": true },
										{ "model": "birch_inner_stairs_0", "y": 90, "uvlock": true },
										{ "model": "birch_inner_stairs_1", "y": 90, "uvlock": true },
										{ "model": "birch_inner_stairs_2", "y": 90, "uvlock": true },
										{ "model": "birch_inner_stairs_3", "y": 90, "uvlock": true } ],
        "facing=north,half=bottom,shape=inner_right": [ { "model": "birch_inner_stairs", "y": 270, "uvlock": true },
										{ "model": "birch_inner_stairs_0", "y": 270, "uvlock": true },
										{ "model": "birch_inner_stairs_1", "y": 270, "uvlock": true },
										{ "model": "birch_inner_stairs_2", "y": 270, "uvlock": true },
										{ "model": "birch_inner_stairs_3", "y": 270, "uvlock": true } ],
        "facing=east,half=bottom,shape=inner_left":  [ { "model": "birch_inner_stairs", "y": 270, "uvlock": true },
										{ "model": "birch_inner_stairs_0", "y": 270, "uvlock": true },
										{ "model": "birch_inner_stairs_1", "y": 270, "uvlock": true },
										{ "model": "birch_inner_stairs_2", "y": 270, "uvlock": true },
										{ "model": "birch_inner_stairs_3", "y": 270, "uvlock": true } ],
        "facing=west,half=bottom,shape=inner_left":  [ { "model": "birch_inner_stairs", "y": 90, "uvlock": true },
										{ "model": "birch_inner_stairs_0", "y": 90, "uvlock": true },
										{ "model": "birch_inner_stairs_1", "y": 90, "uvlock": true },
										{ "model": "birch_inner_stairs_2", "y": 90, "uvlock": true },
										{ "model": "birch_inner_stairs_3", "y": 90, "uvlock": true } ],
        "facing=south,half=bottom,shape=inner_left": [ { "model": "birch_inner_stairs" },
										{ "model": "birch_inner_stairs_0" },
										{ "model": "birch_inner_stairs_1" },
										{ "model": "birch_inner_stairs_2" },
										{ "model": "birch_inner_stairs_3" } ],
        "facing=north,half=bottom,shape=inner_left": [ { "model": "birch_inner_stairs", "y": 180, "uvlock": true },
										{ "model": "birch_inner_stairs_0", "y": 180, "uvlock": true },
										{ "model": "birch_inner_stairs_1", "y": 180, "uvlock": true },
										{ "model": "birch_inner_stairs_2", "y": 180, "uvlock": true },
										{ "model": "birch_inner_stairs_3", "y": 180, "uvlock": true } ],
        "facing=east,half=top,shape=straight":  [ { "model": "birch_stairs", "x": 180, "uvlock": true },
										{ "model": "birch_stairs_0", "x": 180, "uvlock": true },
										{ "model": "birch_stairs_1", "x": 180, "uvlock": true },
										{ "model": "birch_stairs_2", "x": 180, "uvlock": true },
										{ "model": "birch_stairs_3", "x": 180, "uvlock": true } ],
        "facing=west,half=top,shape=straight":  [ { "model": "birch_stairs", "x": 180, "y": 180, "uvlock": true },
										{ "model": "birch_stairs_0", "x": 180, "y": 180, "uvlock": true },
										{ "model": "birch_stairs_1", "x": 180, "y": 180, "uvlock": true },
										{ "model": "birch_stairs_2", "x": 180, "y": 180, "uvlock": true },
										{ "model": "birch_stairs_3", "x": 180, "y": 180, "uvlock": true } ],
        "facing=south,half=top,shape=straight": [ { "model": "birch_stairs", "x": 180, "y": 90, "uvlock": true },
										{ "model": "birch_stairs_0", "x": 180, "y": 90, "uvlock": true },
										{ "model": "birch_stairs_1", "x": 180, "y": 90, "uvlock": true },
										{ "model": "birch_stairs_2", "x": 180, "y": 90, "uvlock": true },
										{ "model": "birch_stairs_3", "x": 180, "y": 90, "uvlock": true } ],
        "facing=north,half=top,shape=straight": [ { "model": "birch_stairs", "x": 180, "y": 270, "uvlock": true },
										{ "model": "birch_stairs_0", "x": 180, "y": 270, "uvlock": true },
										{ "model": "birch_stairs_1", "x": 180, "y": 270, "uvlock": true },
										{ "model": "birch_stairs_2", "x": 180, "y": 270, "uvlock": true },
										{ "model": "birch_stairs_3", "x": 180, "y": 270, "uvlock": true } ],
        "facing=east,half=top,shape=outer_right":  [ { "model": "birch_outer_stairs", "x": 180, "uvlock": true },
										{ "model": "birch_outer_stairs_0", "x": 180, "uvlock": true },
										{ "model": "birch_outer_stairs_1", "x": 180, "uvlock": true },
										{ "model": "birch_outer_stairs_2", "x": 180, "uvlock": true },
										{ "model": "birch_outer_stairs_3", "x": 180, "uvlock": true } ],
        "facing=west,half=top,shape=outer_right":  [ { "model": "birch_outer_stairs", "x": 180, "y": 180, "uvlock": true },
										{ "model": "birch_outer_stairs_0", "x": 180, "y": 180, "uvlock": true },
										{ "model": "birch_outer_stairs_1", "x": 180, "y": 180, "uvlock": true },
										{ "model": "birch_outer_stairs_2", "x": 180, "y": 180, "uvlock": true },
										{ "model": "birch_outer_stairs_3", "x": 180, "y": 180, "uvlock": true } ],
        "facing=south,half=top,shape=outer_right": [ { "model": "birch_outer_stairs", "x": 180, "y": 90, "uvlock": true },
										{ "model": "birch_outer_stairs_0", "x": 180, "y": 90, "uvlock": true },
										{ "model": "birch_outer_stairs_1", "x": 180, "y": 90, "uvlock": true },
										{ "model": "birch_outer_stairs_2", "x": 180, "y": 90, "uvlock": true },
										{ "model": "birch_outer_stairs_3", "x": 180, "y": 90, "uvlock": true } ],
        "facing=north,half=top,shape=outer_right": [ { "model": "birch_outer_stairs", "x": 180, "y": 270, "uvlock": true },
										{ "model": "birch_outer_stairs_0", "x": 180, "y": 270, "uvlock": true },
										{ "model": "birch_outer_stairs_1", "x": 180, "y": 270, "uvlock": true },
										{ "model": "birch_outer_stairs_2", "x": 180, "y": 270, "uvlock": true },
										{ "model": "birch_outer_stairs_3", "x": 180, "y": 270, "uvlock": true } ],
        "facing=east,half=top,shape=outer_left":  [ { "model": "birch_outer_stairs", "x": 180, "y": 90, "uvlock": true },
										{ "model": "birch_outer_stairs_0", "x": 180, "y": 90, "uvlock": true },
										{ "model": "birch_outer_stairs_1", "x": 180, "y": 90, "uvlock": true },
										{ "model": "birch_outer_stairs_2", "x": 180, "y": 90, "uvlock": true },
										{ "model": "birch_outer_stairs_3", "x": 180, "y": 90, "uvlock": true } ],
        "facing=west,half=top,shape=outer_left":  [ { "model": "birch_outer_stairs", "x": 180, "y": 270, "uvlock": true },
										{ "model": "birch_outer_stairs_0", "x": 180, "y": 270, "uvlock": true },
										{ "model": "birch_outer_stairs_1", "x": 180, "y": 270, "uvlock": true },
										{ "model": "birch_outer_stairs_2", "x": 180, "y": 270, "uvlock": true },
										{ "model": "birch_outer_stairs_3", "x": 180, "y": 270, "uvlock": true } ],
        "facing=south,half=top,shape=outer_left": [ { "model": "birch_outer_stairs", "x": 180, "y": 180, "uvlock": true },
										{ "model": "birch_outer_stairs_0", "x": 180, "y": 180, "uvlock": true },
										{ "model": "birch_outer_stairs_1", "x": 180, "y": 180, "uvlock": true },
										{ "model": "birch_outer_stairs_2", "x": 180, "y": 180, "uvlock": true },
										{ "model": "birch_outer_stairs_3", "x": 180, "y": 180, "uvlock": true } ],
        "facing=north,half=top,shape=outer_left": [ { "model": "birch_outer_stairs", "x": 180, "uvlock": true },
										{ "model": "birch_outer_stairs_0", "x": 180, "uvlock": true },
										{ "model": "birch_outer_stairs_1", "x": 180, "uvlock": true },
										{ "model": "birch_outer_stairs_2", "x": 180, "uvlock": true },
										{ "model": "birch_outer_stairs_3", "x": 180, "uvlock": true } ],
        "facing=east,half=top,shape=inner_right":  [ { "model": "birch_inner_stairs", "x": 180, "uvlock": true },
										{ "model": "birch_inner_stairs_0", "x": 180, "uvlock": true },
										{ "model": "birch_inner_stairs_1", "x": 180, "uvlock": true },
										{ "model": "birch_inner_stairs_2", "x": 180, "uvlock": true },
										{ "model": "birch_inner_stairs_3", "x": 180, "uvlock": true } ],
        "facing=west,half=top,shape=inner_right":  [ { "model": "birch_inner_stairs", "x": 180, "y": 180, "uvlock": true },
										{ "model": "birch_inner_stairs_0", "x": 180, "y": 180, "uvlock": true },
										{ "model": "birch_inner_stairs_1", "x": 180, "y": 180, "uvlock": true },
										{ "model": "birch_inner_stairs_2", "x": 180, "y": 180, "uvlock": true },
										{ "model": "birch_inner_stairs_3", "x": 180, "y": 180, "uvlock": true } ],
        "facing=south,half=top,shape=inner_right": [ { "model": "birch_inner_stairs", "x": 180, "y": 90, "uvlock": true },
										{ "model": "birch_inner_stairs_0", "x": 180, "y": 90, "uvlock": true },
										{ "model": "birch_inner_stairs_1", "x": 180, "y": 90, "uvlock": true },
										{ "model": "birch_inner_stairs_2", "x": 180, "y": 90, "uvlock": true },
										{ "model": "birch_inner_stairs_3", "x": 180, "y": 90, "uvlock": true } ],
        "facing=north,half=top,shape=inner_right": [ { "model": "birch_inner_stairs", "x": 180, "y": 270, "uvlock": true },
										{ "model": "birch_inner_stairs_0", "x": 180, "y": 270, "uvlock": true },
										{ "model": "birch_inner_stairs_1", "x": 180, "y": 270, "uvlock": true },
										{ "model": "birch_inner_stairs_2", "x": 180, "y": 270, "uvlock": true },
										{ "model": "birch_inner_stairs_3", "x": 180, "y": 270, "uvlock": true } ],
        "facing=east,half=top,shape=inner_left":  [ { "model": "birch_inner_stairs", "x": 180, "y": 90, "uvlock": true },
										{ "model": "birch_inner_stairs_0", "x": 180, "y": 90, "uvlock": true },
										{ "model": "birch_inner_stairs_1", "x": 180, "y": 90, "uvlock": true },
										{ "model": "birch_inner_stairs_2", "x": 180, "y": 90, "uvlock": true },
										{ "model": "birch_inner_stairs_3", "x": 180, "y": 90, "uvlock": true } ],
        "facing=west,half=top,shape=inner_left":  [ { "model": "birch_inner_stairs", "x": 180, "y": 270, "uvlock": true },
										{ "model": "birch_inner_stairs_0", "x": 180, "y": 270, "uvlock": true },
										{ "model": "birch_inner_stairs_1", "x": 180, "y": 270, "uvlock": true },
										{ "model": "birch_inner_stairs_2", "x": 180, "y": 270, "uvlock": true },
										{ "model": "birch_inner_stairs_3", "x": 180, "y": 270, "uvlock": true } ],
        "facing=south,half=top,shape=inner_left": [ { "model": "birch_inner_stairs", "x": 180, "y": 180, "uvlock": true },
										{ "model": "birch_inner_stairs_0", "x": 180, "y": 180, "uvlock": true },
										{ "model": "birch_inner_stairs_1", "x": 180, "y": 180, "uvlock": true },
										{ "model": "birch_inner_stairs_2", "x": 180, "y": 180, "uvlock": true },
										{ "model": "birch_inner_stairs_3", "x": 180, "y": 180, "uvlock": true } ],
        "facing=north,half=top,shape=inner_left": [ { "model": "birch_inner_stairs", "x": 180, "uvlock": true },
										{ "model": "birch_inner_stairs_0", "x": 180, "uvlock": true },
										{ "model": "birch_inner_stairs_1", "x": 180, "uvlock": true },
										{ "model": "birch_inner_stairs_2", "x": 180, "uvlock": true },
										{ "model": "birch_inner_stairs_3", "x": 180, "uvlock": true } ]
    }
}
