{
    "variants": {
        "contents=empty":            { "model": "flower_pot" },      
	   "contents=rose":             [ { "model": "flower_pot_rose" },
			{ "model": "flower_pot_rose_0" },
			{ "model": "flower_pot_rose_1" } ],      
	   "contents=blue_orchid":      [ { "model": "flower_pot_orchid" },
			{ "model": "flower_pot_orchid_0" },
			{ "model": "flower_pot_orchid_1" },
			{ "model": "flower_pot_orchid_2" },
			{ "model": "flower_pot_orchid_3" },
			{ "model": "flower_pot_orchid_4" },
			{ "model": "flower_pot_orchid_5" },
			{ "model": "flower_pot_orchid_6" },
			{ "model": "flower_pot_orchid_7" },
			{ "model": "flower_pot_orchid_8" },
			{ "model": "flower_pot_orchid_9" },
			{ "model": "flower_pot_orchid_10" } ],
		"contents=allium":           [ { "model": "flower_pot_allium" },
			{ "model": "flower_pot_allium_0" },
			{ "model": "flower_pot_allium_1" },
			{ "model": "flower_pot_allium_2" }, 
			{ "model": "flower_pot_allium_3" }, 
			{ "model": "flower_pot_allium_4" }, 
			{ "model": "flower_pot_allium_5" }, 
			{ "model": "flower_pot_allium_6" }, 
			{ "model": "flower_pot_allium_7" }, 
			{ "model": "flower_pot_allium_8" }, 
			{ "model": "flower_pot_allium_9" }, 
			{ "model": "flower_pot_allium_10" }, 
			{ "model": "flower_pot_allium_11" }, 
			{ "model": "flower_pot_allium_12" }, 
			{ "model": "flower_pot_allium_13" }, 
			{ "model": "flower_pot_allium_14" }, 
			{ "model": "flower_pot_allium_15" }, 
			{ "model": "flower_pot_allium_16" }, 
			{ "model": "flower_pot_allium_17" }, 
			{ "model": "flower_pot_allium_18" }, 
			{ "model": "flower_pot_allium_19" } ],
		"contents=houstonia":        [ { "model": "flower_pot_houstonia" },
			{ "model": "flower_pot_houstonia_0" },
			{ "model": "flower_pot_houstonia_1" },
			{ "model": "flower_pot_houstonia_2" },
			{ "model": "flower_pot_houstonia_3" },
			{ "model": "flower_pot_houstonia_4" },
			{ "model": "flower_pot_houstonia_5" },
			{ "model": "flower_pot_houstonia_6" },
			{ "model": "flower_pot_houstonia_7" } ],
		"contents=red_tulip":        [ { "model": "flower_pot_tulip_red" },
			{ "model": "flower_pot_tulip_red_0" },
			{ "model": "flower_pot_tulip_red_1" } ],       
		"contents=orange_tulip":     [ { "model": "flower_pot_tulip_orange" },
			{ "model": "flower_pot_tulip_orange_0" },
			{ "model": "flower_pot_tulip_orange_1" } ],       
		"contents=white_tulip":      [ { "model": "flower_pot_tulip_white" },
			{ "model": "flower_pot_tulip_white_0" },
			{ "model": "flower_pot_tulip_white_1" } ],      
		"contents=pink_tulip":       [ { "model": "flower_pot_tulip_pink" },
			{ "model": "flower_pot_tulip_pink_0" },
			{ "model": "flower_pot_tulip_pink_1" } ],       
		"contents=oxeye_daisy":      [ { "model": "flower_pot_daisy" },
			{ "model": "flower_pot_daisy_0" },
			{ "model": "flower_pot_daisy_1" },
			{ "model": "flower_pot_daisy_2" },
			{ "model": "flower_pot_daisy_3" },
			{ "model": "flower_pot_daisy_4" },
			{ "model": "flower_pot_daisy_5" },
			{ "model": "flower_pot_daisy_6" },
			{ "model": "flower_pot_daisy_7" },
			{ "model": "flower_pot_daisy_8" },
			{ "model": "flower_pot_daisy_9" },
			{ "model": "flower_pot_daisy_10" } ],
		"contents=dandelion":        [ { "model": "flower_pot_dandelion" },
			{ "model": "flower_pot_dandelion_0" },
			{ "model": "flower_pot_dandelion_1" } ],      
		"contents=oak_sapling":      [ { "model": "flower_pot_oak" },
			{ "model": "flower_pot_oak_0" },
			{ "model": "flower_pot_oak_1" },
			{ "model": "flower_pot_oak_2" } ],
		"contents=spruce_sapling":   [ { "model": "flower_pot_spruce" },
			{ "model": "flower_pot_spruce_0" },
			{ "model": "flower_pot_spruce_1" },
			{ "model": "flower_pot_spruce_2" } ],
		"contents=birch_sapling":    [ { "model": "flower_pot_birch" },
			{ "model": "flower_pot_birch_0" },
			{ "model": "flower_pot_birch_1" },
			{ "model": "flower_pot_birch_2" } ],
		"contents=jungle_sapling":   [ { "model": "flower_pot_jungle" },
			{ "model": "flower_pot_jungle_0" },
			{ "model": "flower_pot_jungle_1" },
			{ "model": "flower_pot_jungle_2" } ],
		"contents=acacia_sapling":   [ { "model": "flower_pot_acacia" },
			{ "model": "flower_pot_acacia_0" },
			{ "model": "flower_pot_acacia_1" },
			{ "model": "flower_pot_acacia_2" } ],
		"contents=dark_oak_sapling": [ { "model": "flower_pot_dark_oak" },
			{ "model": "flower_pot_dark_oak_0" },
			{ "model": "flower_pot_dark_oak_1" },
			{ "model": "flower_pot_dark_oak_2" } ],
		"contents=mushroom_red":     [ { "model": "flower_pot_mushroom_red" },
				{ "model": "flower_pot_mushroom_red_0" },
				{ "model": "flower_pot_mushroom_red_1" },
				{ "model": "flower_pot_mushroom_red_3" } ],   
		"contents=mushroom_brown":   [ { "model": "flower_pot_mushroom_brown" },
			{ "model": "flower_pot_mushroom_brown_0" },
			{ "model": "flower_pot_mushroom_brown_1" },
			{ "model": "flower_pot_mushroom_brown_2" },
			{ "model": "flower_pot_mushroom_brown_3" },
			{ "model": "flower_pot_mushroom_brown_4" } ],
		"contents=dead_bush":        [ { "model": "flower_pot_dead_bush" },
			{ "model": "flower_pot_dead_bush_0" },
			{ "model": "flower_pot_dead_bush_1" },
			{ "model": "flower_pot_dead_bush_2" },
			{ "model": "flower_pot_dead_bush_3" },
			{ "model": "flower_pot_dead_bush_4" },
			{ "model": "flower_pot_dead_bush_5" },
			{ "model": "flower_pot_dead_bush_6" },
			{ "model": "flower_pot_dead_bush_7" },
			{ "model": "flower_pot_dead_bush_8" },
			{ "model": "flower_pot_dead_bush_9" },
			{ "model": "flower_pot_dead_bush_10" } ],
		"contents=fern":             [ { "model": "flower_pot_fern" },
			{ "model": "flower_pot_fern_0" },
			{ "model": "flower_pot_fern_1" } ],
	   "contents=cactus":            { "model": "flower_pot_cactus" }
    }
}
