{
    "__comment": "Fair warning, this format is highly likely to change even more in the future!",
    "variants": {
        "normal": [
            { "model": "waterlily", "weight"=2},
            { "model": "waterlily", "y": 90, "weight"=2},
            { "model": "waterlily", "y": 180, "weight"=2},
            { "model": "waterlily", "y": 270, "weight"=2},
		{ "model": "waterlily_0" },
            { "model": "waterlily_0", "y": 90 },
            { "model": "waterlily_0", "y": 180 },
            { "model": "waterlily_0", "y": 270 },
		{ "model": "waterlily_1" },
            { "model": "waterlily_1", "y": 90 },
            { "model": "waterlily_1", "y": 180 },
            { "model": "waterlily_1", "y": 270 },
		{ "model": "waterlily_2" },
            { "model": "waterlily_2", "y": 90 },
            { "model": "waterlily_2", "y": 180 },
            { "model": "waterlily_2", "y": 270 },
		{ "model": "waterlily_3" },
            { "model": "waterlily_3", "y": 90 },
            { "model": "waterlily_3", "y": 180 },
            { "model": "waterlily_3", "y": 270 } ]
    }
}
